[
    {
        "dni": "09",
        "nombre": "Daniel",
        "apellido": "Vera",
        "valor": 0.1
    },
    {
        "dni": "0914192144",
        "nombre": "Dayanna",
        "apellido": "Vera",
        "valor": 10000
    },
    {
        "dni": "2222222222",
        "nombre": "maria",
        "apellido": "pisco",
        "valor": 10000
    },
    {
        "dni": "3333333333",
        "nombre": "lucia",
        "apellido": "flores",
        "valor": 0
    },
    {
        "dni": "5555555555",
        "nombre": "MAITTE",
        "apellido": "LOPEZ",
        "valor": 1200
    },
    {
        "dni": "7777777777",
        "nombre": "maria",
        "apellido": "becerra",
        "valor": 10000
    }
]